Model,RMSE,MAPE
cnn_bilstm.h5,3331.675593213013,0.10299116526719032
lstm_stock_model.h5,2879.3924205922976,0.08583293044499582
transformer_based.h5,2854.2434372613966,0.0810240642360502
